<?xml version="1.0" encoding="utf-8"?>
<!DOCTYPE mapper
        PUBLIC "-//mybatis.org//DTD Mapper 3.0//EN"
        "https://mybatis.org/dtd/mybatis-3-mapper.dtd">
<mapper namespace="com.learningcrew.linkup.meeting.query.mapper.InterestedMeetingMapper">
    <select id="selectInterestedMeetings" resultType="InterestedMeetingDTO">
        SELECT meeting.meeting_id, interested_meeting.member_id
        FROM interested_meeting
        JOIN meeting
        WHERE meeting.status_id != 4
        <if test="meetingId != null">
            AND interested_meeting.meeting_id = #{ meetingId }
        </if>
        <if test="memberId != null">
            AND interested_member.member_id = #{ memberId }
        </if>
    </select>

    <select id="countInterestedMeetings" resultType="long">
        SELECT COUNT(*)
        FROM interested_meeting
        JOIN meeting
        WHERE meeting.status_id = 4
        <if test="meetingId != null">
            AND interested_meeting.meeting_id = #{ meetingId }
        </if>
        <if test="memberId != null">
            AND interested_member.member_id = #{ memberId }
        </if>
    </select>

<!--    <select id="selectInterestedMeeting" resultType="InterestedMeetingDTO">
        SELECT meeting.meeting_id, interested_meeting.member_id
        FROM interested_meeting
        JOIN meeting
        WHERE meeting.status_id != 4
        AND interested_meeting.meeting_id = #{ meetingId }
        AND interested_member.member_id = #{ memberId }
    </select>-->
</mapper>